4.4465e+05,0.7181,0.58086,0.58737,0.6074,0.5876,0.58721,0.61383,0.74075,0.58056,0.62993,0.58404,0.62012,0.66377,0.62954,0.62738,0.59992,0.65658,0.71949,0.62521,0.66721,0.72177,0.82767,0.73129,0.57378,0.53383,0.47141,0.51341,0.50203,0.47391,0.51504,0.585,0.57031,0.62589,0.63213,0.59938,0.63627,0.59753,0.54435,0.55195,0.66637,0.4713,0.54805,0.57605,0.69524,0.65646,0.6407,0.50429,0.94492,0.76422,0.60967,0.63519,0.6679,0.68299,0.67022,0.60062,0.75526,0.6102,0.70575,0.66,0.69275,0.66786,0.68221,0.63285,0.55469,0.62255,0.67758,0.65974,0.67674,0.65314,0.78798,0.65129,0.54057,0.57304,0.49401,0.5513,0.56205,0.54203,0.47675,0.58089,0.62432,0.62419,0.62398,0.61772,0.60172,0.641,0.61892,0.53699,0.61292,0.55943,0.56535,0.57873,0.67604,0.6323,0.64754,0.52557,0.87349
4.45e+05,0.82696,0.56572,0.68412,0.78819,0.75727,0.71025,0.73746,0.76779,0.61352,0.65908,0.75804,0.73976,0.67913,0.80586,0.78608,0.64067,0.7877,0.78575,0.76054,0.736,0.73264,0.9175,0.76884,0.57483,0.59387,0.53196,0.48091,0.50586,0.4908,0.50853,0.63806,0.66732,0.72536,0.59951,0.56295,0.57729,0.63134,0.61533,0.5176,0.61054,0.62458,0.57512,0.62144,0.56714,0.53952,0.63229,0.56551,1.0318,0.79874,0.5407,0.69234,0.67726,0.67327,0.64533,0.69672,0.78441,0.57387,0.59501,0.68104,0.69027,0.61851,0.77223,0.7534,0.55129,0.74014,0.79342,0.66812,0.64586,0.69749,0.83526,0.64596,0.60287,0.63306,0.50909,0.50004,0.55649,0.49756,0.49656,0.65198,0.64921,0.67667,0.59409,0.59847,0.59776,0.67276,0.61015,0.48347,0.5542,0.56889,0.5518,0.54846,0.5891,0.57041,0.57582,0.55721,0.92922
5.547e+05,0.7528,0.5165,0.65121,0.68185,0.58827,0.62413,0.73246,0.61649,0.56451,0.62493,0.55817,0.63726,0.65829,0.63112,0.62376,0.57291,0.79645,0.88126,0.72769,0.73477,0.75475,0.94131,0.78839,0.5581,0.52792,0.48128,0.4626,0.46134,0.46639,0.50853,0.62795,0.68684,0.59522,0.53796,0.57139,0.62483,0.63996,0.59371,0.55719,0.69694,0.49515,0.56105,0.64093,0.58436,0.57438,0.62562,0.54843,0.98575,0.73551,0.5042,0.6955,0.70108,0.59057,0.60204,0.72767,0.67374,0.57583,0.5728,0.58217,0.57844,0.59301,0.56247,0.55596,0.51392,0.74995,0.83396,0.67133,0.67944,0.71984,0.86772,0.6978,0.58696,0.54354,0.55132,0.4424,0.49894,0.48058,0.51235,0.6512,0.68569,0.56526,0.54679,0.61819,0.61997,0.50127,0.5173,0.51675,0.59245,0.47274,0.56099,0.57761,0.59304,0.58615,0.60798,0.57875,0.91587
5.5476e+05,0.9181,0.49015,0.59086,0.81338,0.78179,0.68938,0.73343,0.70127,0.66704,0.68527,0.71837,0.69579,0.65902,0.79666,0.72235,0.56985,0.83591,0.8628,0.79941,0.75702,0.72711,0.90448,0.68593,0.54157,0.60312,0.45189,0.47525,0.53227,0.50951,0.50017,0.65492,0.64308,0.61972,0.66348,0.50173,0.561,0.78422,0.62147,0.48811,0.53047,0.54963,0.58817,0.62382,0.56213,0.58361,0.68016,0.52148,1.0028,0.92306,0.6174,0.5642,0.76144,0.78339,0.80593,0.60207,0.66542,0.58499,0.61304,0.60976,0.61214,0.52795,0.80386,0.64539,0.49499,0.64145,0.71447,0.6087,0.56692,0.61417,0.79552,0.55897,0.52697,0.6263,0.45729,0.50322,0.56717,0.50666,0.46208,0.60464,0.65312,0.56423,0.58592,0.42063,0.49696,0.75449,0.56892,0.44402,0.45659,0.73062,0.58636,0.50633,0.59461,0.52282,0.57824,0.54033,0.82987
5.5515e+05,0.75634,0.54049,0.53947,0.59967,0.62193,0.60569,0.58726,0.69531,0.52749,0.57076,0.63753,0.61473,0.65492,0.78133,0.71038,0.61002,0.66952,0.76798,0.63474,0.67241,0.72208,0.92233,0.80925,0.59092,0.60873,0.4117,0.46235,0.48259,0.44261,0.46329,0.61834,0.65544,0.65379,0.71621,0.57918,0.62542,0.79174,0.66833,0.55715,0.70326,0.48883,0.51635,0.53507,0.55792,0.55787,0.55723,0.55676,1.082,0.78029,0.54328,0.57957,0.64135,0.74238,0.61056,0.58947,0.72033,0.5722,0.67015,0.74016,0.73899,0.60508,0.71055,0.73699,0.62955,0.66846,0.77889,0.64259,0.65927,0.70113,0.90644,0.80757,0.57801,0.60099,0.4151,0.48009,0.50869,0.46961,0.45897,0.60227,0.63771,0.64245,0.71284,0.58193,0.6235,0.71451,0.6715,0.56196,0.6782,0.6228,0.57547,0.5506,0.61051,0.59234,0.60548,0.58336,1.0076
6.6451e+05,0.78838,0.53404,0.6433,0.67627,0.6745,0.64361,0.72355,0.77682,0.65122,0.73892,0.69853,0.75836,0.77726,0.82372,0.80143,0.80363,0.81058,0.84022,0.75097,0.77243,0.82558,1.0091,0.88409,0.69641,0.58194,0.56879,0.4905,0.5162,0.50673,0.53979,0.70169,0.73614,0.64533,0.67042,0.62854,0.71709,0.75864,0.66904,0.64526,0.67944,0.55082,0.55903,0.58449,0.6381,0.58953,0.68341,0.64993,1.1174,0.79894,0.57211,0.65399,0.73054,0.73502,0.67032,0.75638,0.80717,0.73352,0.73808,0.79061,0.77302,0.74973,0.858,0.85062,0.70757,0.84582,0.8543,0.72716,0.73847,0.76936,0.92825,0.82364,0.69662,0.60966,0.51595,0.55009,0.50561,0.48963,0.53987,0.67231,0.73861,0.63011,0.72011,0.66425,0.69045,0.68585,0.72742,0.63723,0.62484,0.63545,0.5717,0.6127,0.67436,0.60913,0.6541,0.64775,1.0126
6.6490e+05,0.89801,0.52902,0.88254,0.80715,0.62596,0.61452,0.68236,0.72975,0.66317,0.64553,0.63338,0.65088,0.61808,0.65188,0.69633,0.62344,0.7271,0.77348,0.67129,0.68952,0.67958,0.77961,0.62926,0.54472,0.71013,0.52227,0.58326,0.58877,0.50343,0.4567,0.55916,0.59634,0.68633,0.60349,0.50977,0.60417,0.6469,0.58939,0.54603,0.5173,0.50558,0.53329,0.52384,0.61391,0.61393,0.61817,0.53708,0.88022,0.92614,0.63421,0.91561,0.86636,0.68395,0.70519,0.81244,0.81418,0.80478,0.7509,0.80971,0.81448,0.66112,0.71816,0.83113,0.67933,0.83841,0.81681,0.75476,0.68965,0.71571,0.86088,0.75323,0.53676,0.67626,0.63176,0.61476,0.59055,0.53466,0.4726,0.57816,0.63502,0.71982,0.6959,0.53932,0.61157,0.66089,0.66067,0.57346,0.61209,0.64252,0.82818,0.63384,0.69766,0.63305,0.70091,0.50516,0.93667
6.6491e+05,0.94647,0.55478,0.77896,0.7883,0.77722,0.69109,0.78869,0.80884,0.67711,0.70704,0.75713,0.78348,0.69932,0.99411,0.85875,0.7022,0.84277,0.88922,0.69475,0.70103,0.69363,0.87867,0.76789,0.55737,0.76687,0.54009,0.53982,0.61265,0.54722,0.52219,0.67342,0.63528,0.73266,0.78938,0.67137,0.6299,1.0792,0.77895,0.61113,0.70515,0.68843,0.57985,0.56482,0.62387,0.56813,0.62352,0.54316,0.97882,0.9283,0.62066,0.76783,0.80907,0.72945,0.75732,0.78477,0.80249,0.67334,0.73857,0.76108,0.81019,0.73615,1.0178,0.88557,0.6632,0.83505,0.92974,0.70961,0.73685,0.78169,0.87523,0.76714,0.58805,0.73335,0.49501,0.62185,0.58263,0.52889,0.49663,0.65056,0.68272,0.70933,0.81786,0.61776,0.6228,1.1529,0.84425,0.60969,0.64166,0.65067,0.65439,0.62702,0.64729,0.60344,0.68082,0.56621,0.93577
6.65e+05,0.96636,0.56988,0.78312,0.81295,0.75938,0.70529,0.82132,0.80654,0.68618,0.6901,0.78171,0.80637,0.74052,0.95009,0.88519,0.68751,0.87776,0.91091,0.72142,0.73386,0.77112,0.96413,0.84666,0.66865,0.74692,0.63036,0.60694,0.60906,0.55922,0.51395,0.65157,0.7011,0.76738,0.67521,0.55741,0.66193,0.8368,0.71022,0.61059,0.65708,0.6398,0.62975,0.61989,0.63941,0.59791,0.65732,0.57828,1.0715,0.92333,0.60008,0.78966,0.81577,0.74459,0.82438,0.80015,0.79837,0.63698,0.64194,0.71544,0.75449,0.6676,0.77528,0.80594,0.63524,0.81193,0.84801,0.64579,0.66927,0.69581,0.89286,0.76468,0.65819,0.75896,0.61775,0.63241,0.62478,0.5469,0.52976,0.66955,0.69184,0.66885,0.69811,0.51833,0.66837,0.74891,0.67816,0.57903,0.68486,0.70454,0.63325,0.57579,0.59033,0.57588,0.62345,0.62559,0.95359
6.6500e+05,0.76954,0.4433,0.63328,0.64442,0.57015,0.59612,0.67914,0.74555,0.53341,0.57847,0.59415,0.63259,0.61256,0.70548,0.65815,0.57208,0.74822,0.81132,0.61826,0.67427,0.70692,0.92337,0.7467,0.61198,0.60647,0.42534,0.53809,0.45296,0.44907,0.50861,0.65503,0.65563,0.62861,0.54835,0.4981,0.6176,0.66619,0.54396,0.52481,0.65772,0.5129,0.53531,0.53973,0.56925,0.51311,0.56747,0.6074,0.987,0.76771,0.50589,0.61773,0.60662,0.6319,0.58481,0.67142,0.70606,0.60498,0.59334,0.62129,0.63895,0.61996,0.61505,0.64514,0.60407,0.73326,0.84318,0.59945,0.64691,0.71272,0.91525,0.78305,0.59705,0.54767,0.5263,0.46951,0.47905,0.47645,0.50547,0.66333,0.67844,0.62091,0.57969,0.46161,0.60268,0.57782,0.54883,0.48736,0.62515,0.55151,0.54019,0.51529,0.59635,0.53425,0.58171,0.59892,0.97897
6.6521e+05,0.85734,0.61325,0.61656,0.70854,0.71403,0.63323,0.59922,0.78372,0.5551,0.62117,0.70561,0.68181,0.6119,0.83061,0.68647,0.58481,0.63368,0.6606,0.68032,0.64479,0.63863,0.79783,0.70178,0.51289,0.58596,0.46689,0.47351,0.51902,0.48206,0.47315,0.58803,0.62969,0.71556,0.7621,0.59698,0.59857,0.92933,0.67165,0.57661,0.63843,0.67696,0.55938,0.59304,0.53867,0.5862,0.62202,0.52841,0.86945,0.80969,0.52237,0.6057,0.66959,0.68749,0.62853,0.59493,0.76372,0.56867,0.58706,0.60202,0.59069,0.56516,0.86104,0.66449,0.60148,0.64566,0.69649,0.63387,0.62107,0.6478,0.78841,0.67999,0.52135,0.60205,0.45379,0.47138,0.51799,0.45889,0.43471,0.59193,0.59931,0.59622,0.7554,0.56846,0.56686,0.90521,0.65766,0.53847,0.6481,0.58119,0.56746,0.58373,0.57249,0.58668,0.61379,0.52321,0.82774
6.6536e+05,0.79162,0.59017,0.67242,0.75159,0.69481,0.60283,0.70694,0.74808,0.64391,0.68726,0.6922,0.74001,0.68872,0.75435,0.7905,0.68312,0.77972,0.74669,0.71021,0.68319,0.68665,0.82079,0.78603,0.55957,0.76903,0.50216,0.52101,0.58912,0.51883,0.53715,0.61278,0.58796,0.64864,0.66507,0.55055,0.58705,0.74307,0.66476,0.58055,0.68083,0.57168,0.64121,0.61078,0.59521,0.59201,0.64518,0.50229,0.96862,0.84044,0.59265,0.727,0.76065,0.72206,0.67018,0.72203,0.74508,0.65804,0.67416,0.68312,0.68565,0.66946,0.84424,0.73497,0.62598,0.74675,0.73117,0.68611,0.69901,0.70499,0.82159,0.74755,0.5884,0.78238,0.54623,0.53337,0.58738,0.53273,0.5322,0.62328,0.60079,0.71324,0.61397,0.48017,0.61083,0.79781,0.62949,0.5635,0.67168,0.66652,0.57957,0.61611,0.62451,0.60386,0.66761,0.5261,0.89402
6.655e+05,0.74687,0.52027,0.61954,0.62891,0.59738,0.59116,0.63665,0.63492,0.53955,0.59638,0.55751,0.61603,0.59851,0.64635,0.62594,0.55608,0.68966,0.72902,0.68413,0.67577,0.69825,0.8611,0.72236,0.52356,0.46548,0.49754,0.41097,0.45283,0.44889,0.47555,0.57905,0.59601,0.50467,0.50922,0.54095,0.57978,0.47922,0.51417,0.50732,0.61737,0.50141,0.54914,0.59036,0.61645,0.57105,0.59286,0.4845,0.95229,0.73108,0.53567,0.59471,0.66287,0.92125,0.85052,0.63,0.79219,0.50378,0.58931,0.57938,0.61636,0.58534,0.58499,0.61467,0.53675,0.65588,0.6844,0.60954,0.64338,0.67129,0.80421,0.6344,0.54783,0.47411,0.46241,0.45741,0.44984,0.44342,0.50329,0.62433,0.64062,0.57465,0.51755,0.50356,0.56653,0.49341,0.50872,0.48581,0.55037,0.65269,0.56886,0.5786,0.56624,0.53162,0.58499,0.51014,0.82117
7.7455e+05,0.88144,0.51968,0.54854,0.61775,0.67414,0.57733,0.58609,0.73558,0.61928,0.61119,0.66656,0.63542,0.5857,0.64249,0.57898,0.50812,0.62128,0.60517,0.56411,0.55918,0.59492,0.70129,0.61463,0.55484,0.7406,0.41401,0.49391,0.58401,0.49403,0.45832,0.54478,0.61032,0.66018,0.54731,0.51556,0.61546,0.58186,0.5532,0.55302,0.5813,0.53904,0.55561,0.53666,0.67092,0.65467,0.58466,0.52494,0.77719,0.8242,0.61201,0.5798,0.66361,0.72596,0.69204,0.57955,0.76302,0.60866,0.62371,0.6819,0.66296,0.57582,0.63787,0.60634,0.54668,0.62332,0.63846,0.59069,0.57067,0.61029,0.70549,0.60931,0.51467,0.72734,0.40022,0.53701,0.59843,0.47547,0.4429,0.54097,0.58998,0.67835,0.55037,0.46382,0.57305,0.66279,0.55488,0.5278,0.55707,0.65699,0.56446,0.52144,0.57724,0.53633,0.56757,0.49642,0.77496
7.7476e+05,0.69536,0.49427,0.60635,0.66598,0.63068,0.69693,0.64381,0.66206,0.59051,0.60671,0.61616,0.63019,0.6084,0.62916,0.60142,0.51626,0.69047,0.69321,0.65826,0.6291,0.61235,0.73853,0.66018,0.57725,0.60794,0.47517,0.48147,0.52223,0.48937,0.47902,0.58876,0.5648,0.57964,0.54465,0.53081,0.58358,0.56673,0.49796,0.48232,0.55048,0.52681,0.49862,0.54019,0.62316,0.52792,0.57254,0.53764,0.9051,0.72298,0.58656,0.62068,0.70689,0.65514,0.6375,0.60682,0.69701,0.5628,0.58064,0.57193,0.62909,0.5679,0.56999,0.61703,0.53318,0.64917,0.63344,0.57796,0.57131,0.59618,0.68587,0.63623,0.60434,0.60724,0.45354,0.48361,0.52008,0.50647,0.49324,0.58312,0.61213,0.5956,0.60724,0.50163,0.57771,0.57286,0.47068,0.4467,0.53629,0.65291,0.52031,0.44581,0.61023,0.56162,0.52907,0.57795,0.86296
7.748e+05,0.75656,0.54773,0.60762,0.67557,0.67521,0.63983,0.63153,0.73388,0.76656,0.71342,0.79519,0.75721,0.68347,0.73433,0.68244,0.65421,0.69926,0.77336,0.70864,0.69821,0.72493,0.84452,0.79636,0.56564,0.56113,0.40696,0.46755,0.45413,0.44434,0.50867,0.62302,0.62499,0.59416,0.56521,0.53697,0.5489,0.58621,0.52066,0.55107,0.61385,0.53272,0.55239,0.58391,0.67015,0.66713,0.69632,0.56871,0.89273,0.68702,0.52089,0.59109,0.61221,0.62566,0.60077,0.58113,0.70602,0.56311,0.62339,0.58674,0.63496,0.60961,0.63408,0.6695,0.59969,0.62595,0.66852,0.58449,0.6073,0.64033,0.75253,0.68123,0.5361,0.56574,0.46461,0.45736,0.49069,0.46982,0.51367,0.58551,0.60956,0.54438,0.5842,0.5207,0.56102,0.56154,0.51471,0.5294,0.57475,0.5679,0.54051,0.50868,0.57377,0.58502,0.60591,0.54872,0.8531
7.7487e+05,0.99165,0.56939,0.73012,0.8106,0.84879,0.69327,0.67309,0.82653,0.66362,0.69882,0.82213,0.77986,0.67265,0.84156,0.8045,0.65321,0.6957,0.67983,0.69741,0.71403,0.71668,0.87842,0.832,0.60093,0.75007,0.52332,0.5049,0.62367,0.55613,0.5179,0.59518,0.65838,0.76778,0.63689,0.60234,0.65066,0.71278,0.67072,0.60529,0.71106,0.673,0.60082,0.63753,0.62954,0.60328,0.6636,0.55755,0.90822,1.0111,0.60417,0.78623,0.86172,0.76858,0.74554,0.73593,0.69283,0.59255,0.63452,0.6489,0.64201,0.62462,0.66705,0.63464,0.56324,0.70269,0.68565,0.74274,0.69958,0.74727,0.82165,0.74487,0.62446,0.7417,0.54505,0.48614,0.63198,0.55367,0.47421,0.59653,0.6776,0.68864,0.6415,0.55072,0.61497,0.65902,0.60553,0.51677,0.66068,0.6205,0.61785,0.61668,0.59529,0.56105,0.62816,0.6334,0.81159
7.7497e+05,0.84009,0.51255,0.62407,0.62607,0.66634,0.59967,0.57656,0.71083,0.60579,0.61419,0.62007,0.61973,0.64205,0.67312,0.59239,0.59825,0.60765,0.68692,0.6202,0.6639,0.68446,0.84821,0.72331,0.56581,0.68448,0.43219,0.50766,0.54727,0.51353,0.49019,0.61513,0.62099,0.6161,0.62438,0.60179,0.59658,0.69785,0.61925,0.5308,0.60192,0.5086,0.50547,0.54719,0.61385,0.54512,0.59138,0.52605,0.98632,0.8411,0.58489,0.6446,0.73929,0.83542,0.8359,0.61639,0.77794,0.63861,0.62503,0.65343,0.69266,0.61081,0.6813,0.71978,0.60485,0.63507,0.71591,0.58617,0.64058,0.69383,0.85257,0.71719,0.55704,0.6718,0.43719,0.48209,0.56669,0.5293,0.48518,0.62454,0.68077,0.66452,0.6882,0.54948,0.59835,0.68524,0.65238,0.59453,0.64048,0.73772,0.57844,0.53778,0.6487,0.55469,0.59072,0.5795,0.93849
7.7498e+05,0.86113,0.52165,0.69197,0.79146,0.71476,0.7077,0.75182,0.7275,0.61839,0.65493,0.73574,0.69967,0.65718,0.76919,0.69682,0.60121,0.79786,0.87345,0.72657,0.71428,0.73668,0.95456,0.82559,0.55087,0.61508,0.5002,0.54432,0.55784,0.50427,0.51939,0.66581,0.6617,0.66972,0.56786,0.64385,0.58983,0.66883,0.6318,0.57608,0.63171,0.55072,0.56079,0.62183,0.57921,0.58893,0.65183,0.55268,1.107,0.83582,0.70023,0.71465,0.79963,0.67382,0.69157,0.74316,0.76872,0.63536,0.59047,0.62572,0.61942,0.63469,0.68906,0.66813,0.58594,0.78181,0.88334,0.6884,0.65723,0.72672,0.94815,0.74826,0.55455,0.61308,0.57167,0.5492,0.56434,0.55651,0.52121,0.67973,0.69276,0.66807,0.60738,0.58852,0.65197,0.60592,0.59268,0.49649,0.6189,0.74246,0.61384,0.62019,0.67279,0.57041,0.62254,0.57959,0.9663
7.75e+05,0.83803,0.53619,0.7478,0.79124,0.61584,0.58625,0.73632,0.69339,0.66051,0.70325,0.68323,0.78491,0.76646,0.69263,0.73612,0.74786,0.8315,0.96884,0.7748,0.83642,0.87821,1.0527,0.93361,0.64264,0.58015,0.55982,0.45916,0.51769,0.50504,0.52012,0.68535,0.73995,0.6135,0.6255,0.51949,0.66947,0.64612,0.62643,0.68722,0.74799,0.51906,0.586,0.62586,0.63642,0.60941,0.64941,0.59927,1.114,0.85101,0.54837,0.70344,0.78705,0.81874,0.66566,0.73748,0.71352,0.60624,0.69675,0.69417,0.76538,0.71167,0.70037,0.80071,0.73896,0.84126,0.94781,0.83088,0.82236,0.85451,0.99839,0.85566,0.61027,0.61732,0.51242,0.60385,0.53647,0.52952,0.52669,0.65184,0.72082,0.69159,0.67691,0.57174,0.63818,0.68416,0.70511,0.61508,0.66742,0.55738,0.6584,0.70567,0.63057,0.64509,0.74769,0.60362,1.0171
7.7502e+05,0.76221,0.62866,0.61828,0.67049,0.67639,0.61313,0.66227,0.6529,0.51803,0.63923,0.68181,0.68324,0.64566,0.59193,0.60711,0.60848,0.74162,0.80244,0.70571,0.70157,0.69906,0.80938,0.73488,0.60731,0.6379,0.50681,0.56399,0.57971,0.58189,0.52038,0.60767,0.62562,0.64654,0.70975,0.5823,0.65533,0.65042,0.59962,0.55293,0.65743,0.54705,0.60491,0.57252,0.63485,0.65524,0.63696,0.51987,0.95634,0.77729,0.63715,0.62349,0.73466,0.65954,0.77212,0.72138,0.72241,0.55802,0.65589,0.6125,0.66508,0.62962,0.64109,0.64215,0.653,0.77151,0.81928,0.71753,0.74141,0.76459,0.838,0.75996,0.62445,0.6793,0.50339,0.57707,0.56605,0.54909,0.52371,0.61026,0.65271,0.65732,0.69995,0.52904,0.6263,0.69488,0.61465,0.57673,0.65003,0.68839,0.63828,0.59436,0.61131,0.65212,0.63205,0.57377,0.89457
7.7505e+05,0.83825,0.54488,0.86341,0.85271,0.77314,0.71009,0.81839,0.73418,0.67791,0.75226,0.72053,0.79653,0.80488,0.80123,0.82806,0.81535,0.86016,0.81687,0.77257,0.76692,0.75549,0.88726,0.88238,0.69998,0.73375,0.63539,0.49766,0.58679,0.56493,0.59239,0.6829,0.81992,0.66481,0.60502,0.63041,0.73006,0.71636,0.67387,0.69355,0.80473,0.58979,0.57337,0.63823,0.67098,0.62601,0.71118,0.69037,0.93816,0.88628,0.63998,0.85999,0.81674,0.74129,0.78043,0.77235,0.71029,0.70272,0.71172,0.71227,0.7506,0.72835,0.68897,0.73957,0.70689,0.7906,0.78644,0.73914,0.72266,0.74903,0.83872,0.78087,0.63852,0.75688,0.63055,0.51995,0.64113,0.59862,0.56306,0.66329,0.71397,0.68481,0.61576,0.62499,0.65727,0.67559,0.66982,0.59638,0.67475,0.65592,0.69583,0.64815,0.62846,0.58609,0.66325,0.62463,0.88227
7.7507e+05,0.84207,0.55792,0.75489,0.74682,0.68761,0.58005,0.68778,0.71298,0.58922,0.58745,0.68829,0.65015,0.59532,0.69031,0.68728,0.66059,0.70658,0.7593,0.61843,0.63917,0.64277,0.84981,0.73338,0.65443,0.68685,0.56054,0.56708,0.53629,0.51946,0.50994,0.63682,0.64866,0.66278,0.70207,0.62334,0.64702,0.68238,0.65058,0.60173,0.63089,0.55275,0.55071,0.52355,0.60656,0.58911,0.55107,0.59531,1.0284,0.84509,0.62632,0.80934,0.82939,0.7505,0.73591,0.78795,0.75174,0.6707,0.6972,0.72832,0.74557,0.6951,0.80972,0.8124,0.70033,0.83322,0.81987,0.78524,0.7371,0.80852,0.96531,0.81357,0.67198,0.67313,0.59015,0.61517,0.53772,0.52292,0.54034,0.66406,0.69484,0.71094,0.71929,0.62521,0.6615,0.68991,0.72213,0.57048,0.64561,0.64916,0.63148,0.68057,0.65462,0.66245,0.71328,0.65565,1.0359
7.751e+05,0.95848,0.52396,0.75751,0.7239,0.69683,0.60579,0.61256,0.73727,0.69087,0.67029,0.751,0.76309,0.67398,0.76534,0.75155,0.64647,0.67774,0.73852,0.68204,0.67066,0.71853,0.87551,0.8254,0.59448,0.67706,0.46087,0.55061,0.60957,0.52587,0.47934,0.62495,0.67634,0.64487,0.6843,0.64277,0.65085,0.69252,0.69053,0.54788,0.74823,0.53605,0.50567,0.55062,0.63262,0.60894,0.61885,0.57507,1.067,1.0064,0.63374,0.74255,0.8392,0.85335,0.75847,0.67528,0.78263,0.85709,0.8264,0.98205,0.96104,0.65854,0.82003,0.98513,0.65122,0.71044,0.75132,0.68725,0.63493,0.6808,0.827,0.73682,0.59231,0.65856,0.46737,0.50591,0.58181,0.55881,0.48344,0.61076,0.65574,0.72417,0.73037,0.62695,0.65305,0.72011,0.81131,0.589,0.61406,0.76659,0.68383,0.59447,0.70264,0.65372,0.69927,0.59029,0.95227
7.7512e+05,0.93392,0.5293,0.71888,0.79771,0.68001,0.68374,0.84427,0.71042,0.64571,0.66941,0.76437,0.68908,0.66375,0.77836,0.64604,0.53516,0.93225,0.99343,0.7818,0.77716,0.80542,0.99563,0.78521,0.58325,0.67525,0.57535,0.48093,0.53315,0.4644,0.54463,0.69997,0.71762,0.59949,0.56567,0.49151,0.5756,0.71422,0.5713,0.47855,0.53099,0.51304,0.59839,0.65256,0.65597,0.60595,0.68139,0.58241,1.1055,0.8781,0.52193,0.6771,0.76157,0.65794,0.63747,0.78813,0.74596,0.6138,0.62957,0.71218,0.6525,0.64218,0.72186,0.6259,0.55713,0.89477,0.9701,0.69913,0.70789,0.77546,0.97794,0.72277,0.57497,0.59176,0.56786,0.42726,0.53896,0.51983,0.5909,0.74692,0.706,0.53118,0.61745,0.4941,0.57009,0.74235,0.58905,0.49521,0.52101,0.5875,0.58576,0.5982,0.57588,0.56043,0.64219,0.59819,1.0311
7.7521e+05,0.7442,0.52867,0.63483,0.69122,0.64214,0.61694,0.68619,0.67368,0.5618,0.60597,0.52487,0.55782,0.6009,0.64348,0.57011,0.54446,0.768,0.79294,0.70699,0.69776,0.70578,0.8572,0.6916,0.63667,0.59649,0.49582,0.50238,0.4918,0.49171,0.54489,0.66051,0.66008,0.59989,0.56438,0.54172,0.61355,0.60325,0.52375,0.5399,0.62194,0.49919,0.54841,0.5558,0.6207,0.56959,0.6075,0.58936,0.89058,0.79206,0.57994,0.63735,0.696,0.70311,0.76245,0.67201,0.72896,0.57998,0.55804,0.60327,0.58378,0.53509,0.60633,0.56361,0.46359,0.70717,0.76037,0.58871,0.58769,0.64812,0.78805,0.61202,0.68307,0.60364,0.48813,0.47722,0.5279,0.48704,0.54628,0.64549,0.68769,0.56946,0.6195,0.53054,0.65399,0.55703,0.48309,0.47757,0.61336,0.67316,0.58157,0.50836,0.60084,0.53715,0.56736,0.6366,0.86052
7.7522e+05,0.72454,0.49618,0.60231,0.62809,0.61963,0.63349,0.68128,0.70424,0.56983,0.61569,0.59808,0.63099,0.62742,0.66998,0.68159,0.64723,0.76175,0.84793,0.68664,0.71741,0.73136,0.91573,0.72878,0.60101,0.54315,0.48959,0.48838,0.46817,0.46252,0.53758,0.67202,0.66888,0.57005,0.63659,0.57051,0.58554,0.64478,0.61943,0.55533,0.64743,0.55077,0.52137,0.56277,0.61491,0.57544,0.60165,0.58406,0.88914,0.85022,0.55899,0.6495,0.7024,0.74199,0.61429,0.68835,0.76687,0.64823,0.60914,0.61213,0.60588,0.57957,0.66768,0.67187,0.61136,0.75698,0.8631,0.68712,0.65645,0.71532,0.86788,0.67281,0.56447,0.51457,0.51871,0.4372,0.47658,0.47649,0.51953,0.65009,0.67199,0.67806,0.66359,0.51697,0.59996,0.60875,0.59992,0.55273,0.59723,0.67453,0.53315,0.58199,0.59696,0.58077,0.59022,0.57103,0.8359
7.7526e+05,0.76183,0.58033,0.60543,0.73668,0.73048,0.66969,0.71066,0.77588,0.60461,0.63232,0.72283,0.70887,0.64401,0.76639,0.76355,0.72676,0.78073,0.84023,0.69366,0.71409,0.71779,0.9203,0.72966,0.57915,0.60189,0.52941,0.53067,0.50711,0.52139,0.58845,0.70961,0.69458,0.67296,0.8032,0.70365,0.66209,0.85642,0.72096,0.68166,0.65278,0.63753,0.54695,0.58085,0.68352,0.58924,0.61861,0.53271,0.9616,0.73532,0.54512,0.61545,0.70505,0.68585,0.67537,0.72082,0.82111,0.67635,0.67962,0.75242,0.71706,0.6591,0.82264,0.77363,0.6864,0.82909,0.91102,0.73609,0.75798,0.76948,0.94295,0.71813,0.61478,0.54667,0.51817,0.53759,0.48663,0.47559,0.56685,0.72324,0.69458,0.67204,0.70654,0.66507,0.65501,0.77006,0.72353,0.61508,0.62049,0.55481,0.588,0.63728,0.63511,0.64283,0.68333,0.55528,0.9056
7.7532e+05,0.83011,0.58958,0.87685,0.89268,0.76384,0.78747,0.95218,0.76417,0.73571,0.83809,0.80681,0.85574,0.75194,0.77545,0.80696,0.73183,1.0207,1.0074,0.82431,0.82903,0.79308,0.95322,0.82101,0.68768,0.62567,0.64002,0.53689,0.53645,0.5176,0.57856,0.74041,0.72325,0.65362,0.70764,0.70576,0.6873,0.67869,0.67592,0.64865,0.71868,0.64484,0.62447,0.66463,0.62411,0.62038,0.74062,0.66164,1.0118,0.82574,0.55572,0.87558,0.84342,0.89944,0.93925,0.93114,0.76265,0.60955,0.73616,0.69425,0.79989,0.75061,0.6971,0.78146,0.6961,0.97073,1.047,0.76419,0.82513,0.8481,0.92021,0.7739,0.70012,0.70412,0.67943,0.53352,0.54363,0.53597,0.60656,0.76221,0.77932,0.64246,0.76341,0.62003,0.70433,0.7428,0.68716,0.64178,0.71319,0.78372,0.58046,0.64319,0.55234,0.56209,0.6482,0.70078,0.97504
